title,content
A Reflective Monday,"Today was one of those days where I felt pulled in multiple directions. I woke up with good intentions to start my projects early, but somehow hours slipped away scrolling through social media. I know I need to work on my time management, but it's hard to break old habits.

Later in the afternoon, I had a meaningful conversation with an old friend. It reminded me how important these connections are, even when life gets busy. We talked about our dreams and fears, and I realized I'm not alone in feeling uncertain about the future.

By evening, I felt a mix of guilt about the wasted morning and gratitude for the afternoon connection. I'm trying to be kinder to myself and recognize that growth isn't always linear."
Weekend Plans and Worries,"This weekend I'm supposed to work on my presentation, but I'm already feeling anxious about it. The topic is something I'm passionate about, yet I keep doubting whether my ideas are good enough. Why do I always second-guess myself?

I think part of the problem is that I compare myself too much to others. Everyone seems to have it together, while I feel like I'm constantly struggling. But maybe that's just the highlight reel I see on social media, not the full picture.

On a positive note, I did finish reading that book on creative thinking. It gave me some fresh perspectives on problem-solving. Maybe I can apply some of those ideas to my presentation. Small steps forward are still progress."
Balancing Act,"Trying to balance work and personal life feels like walking a tightrope. This week was particularly challenging with back-to-back meetings and deadlines. I barely had time to eat lunch, let alone exercise or spend time on hobbies.

I've been thinking about what really matters to me. Is career success worth sacrificing my health and relationships? I don't think so, but I also feel pressure to perform and prove myself at work.

Tomorrow I'm going to try something different. I'll block out time for a walk in the morning and commit to leaving work by 6 PM. Let's see if I can actually stick to it. I know I need to set better boundaries, but it's easier said than done."

